{
    "H": -3.38621265,
    "He": 0.00092592,
    "Li": -1.90654196,
    "Be": -3.76351551,
    "B": -6.704861425,
    "C": -9.22569056,
    "N": -8.32596426,
    "O": -4.942281875,
    "F": -1.80923288,
    "Na": -1.318898605,
    "Mg": -1.514636905,
    "Al": -3.74201475,
    "Si": -5.42460104,
    "P": -5.412577282,
    "S": -4.13516776,
    "Cl": -1.798954435,
    "Ar": -0.02365141,
    "K": -1.049069961,
    "Ca": -1.92809234,
    "Sc": -6.248300305,
    "Ti": -7.808586147,
    "V": -8.96348034,
    "Cr": -9.52909325,
    "Mn": -8.994485476,
    "Fe": -8.2687391,
    "Co": -7.0392606,
    "Ni": -5.49161871,
    "Cu": -3.74957836,
    "Zn": -1.115148765,
    "Ga": -2.90527411,
    "Ge": -4.51551723,
    "As": -4.67315695,
    "Se": -3.510239056,
    "Br": -1.511275305,
    "Kr": -0.02238123,
    "Rb": -0.940083408,
    "Sr": -1.636164267,
    "Y": -6.436419525,
    "Zr": -8.52116977,
    "Nb": -10.09881982,
    "Mo": -10.92476574,
    "Tc": -10.34759748,
    "Ru": -9.23082869,
    "Rh": -7.25968455,
    "Pd": -5.208437723,
    "Ag": -2.713368177,
    "Cd": -0.736649005,
    "In": -2.56781805,
    "Sn": -3.84189706,
    "Sb": -4.140814505,
    "Te": -3.14408268,
    "I": -1.523340418,
    "Xe": -0.01241721,
    "Cs": -0.86127903,
    "Ba": -1.907004925,
    "La": -4.889203098,
    "Ce": -5.93758904,
    "Pr": -4.731109395,
    "Nd": -4.712209203,
    "Pm": -4.684196055,
    "Sm": -4.650556295,
    "Eu": -10.29923846,
    "Gd": -14.10352258,
    "Tb": -4.567064577,
    "Dy": -4.54250147,
    "Ho": -4.518341345,
    "Er": -4.502009095,
    "Tm": -4.4803998,
    "Lu": -4.447023755,
    "Hf": -9.92320259,
    "Ta": -11.81463026,
    "W": -13.03542144,
    "Re": -12.39584454,
    "Os": -11.23351766,
    "Ir": -8.84222614,
    "Pt": -6.10296159,
    "Au": -3.21200501,
    "Hg": -0.18813597,
    "Tl": -2.21881577,
    "Pb": -3.55920435,
    "Bi": -3.87951992,
    "Ac": -4.05990375,
    "Th": -7.44336113,
    "Pa": -9.40787308,
    "U": -11.13522703,
    "Np": -12.73355537,
    "Pu": -14.03043268,
    "Yb": -1.5396
}
